山手通り 北品川-中目黒,00daa520
,3537.0067,13944.4522
,3537.0123,13944.3052
,3537.0131,13944.2685
,3537.0089,13944.2522
,3537.0028,13944.2417
,3536.9940,13944.2327
,3536.9580,13944.2101
,3536.9664,13944.1612
,3536.9710,13944.1478
,3536.9798,13944.1344
,3536.9901,13944.1255
,3536.9896,13944.1250
,3537.0702,13944.0763
,3537.0803,13944.0348
,3537.0652,13943.9597
,3537.1126,13943.7815
,3537.1719,13943.7398
,3537.1920,13943.7202
,3537.2410,13943.6889
,3537.2493,13943.6818
,3537.2531,13943.6658
,3537.2522,13943.6432
,3537.2507,13943.6347
,3537.2475,13943.6063
,3537.2486,13943.5727
,3537.2567,13943.5411
,3537.2782,13943.5005
,3537.3005,13943.4733
,3537.3531,13943.3870
,3537.3989,13943.3077
,3537.4173,13943.2681
,3537.4886,13943.1093
,3537.5644,13942.9727
,3537.6418,13942.8249
,3537.7064,13942.6999
,3537.7430,13942.6479
,3537.8469,13942.5720
,3537.9443,13942.5007
,3538.0872,13942.4090
,3538.1679,13942.3529
,3538.3455,13942.2104
,3538.4547,13942.1204
,3538.5401,13942.0486
,3538.6089,13941.9913
,3538.6640,13941.9253
,3538.6731,13941.9428
,3538.6203,13942.0064
,3538.5216,13942.0912
,3538.4167,13942.1747
,3538.2491,13942.3091
,3538.1237,13942.4055
,3537.9447,13942.5258
,3537.7634,13942.6538
,3537.7373,13942.6859
,3537.7088,13942.7350
,3537.6005,13942.9406
,3537.4984,13943.1427
,3537.4115,13943.3320
,3537.3246,13943.4757
,3537.2899,13943.5154
,3537.2681,13943.5692
,3537.2605,13943.6031
,3537.2657,13943.6446
,3537.2648,13943.6638
,3537.2548,13943.6924
,3537.1878,13943.7415
,3537.1280,13943.7830
,3537.1218,13943.7923
,3537.0795,13943.9507
,3537.0786,13943.9653
,3537.1004,13944.0781
,3536.9912,13944.1405
,3536.9822,13944.1546
,3536.9726,13944.1966
,3536.9781,13944.2078
,3537.0121,13944.2311
,3537.0202,13944.2454
,3537.0248,13944.2632
,3537.0239,13944.2869
,3537.0188,13944.4504
